,dailysamples,dailyconfirmed,dailyrecovered,dailydeceased,totalcritical,ventilatorpatients,totalsamples,totalconfirmed,totalhospital,totalrecovered,totaldeceased,totalhousesurvey,populationcovered,housescovered,flu,active_hosp,active_home,Date
1,153,15,0,2,,,2231,255,198,26,31,733,1930096,564875,56,,,12.04.2020
2,115,33,1,2,4,,2346,278,218,27,33,751,2152692,633618,201,,,13.04.2020
3,157,44,1,4,6,,2503,322,260,28,34,743,2355472,701736,87,,,14.04.2020
4,220,55,1,4,5,,2723,377,307,29,41,795,2576501,773284,110,,,15.04.2020
5,265,65,0,5,7,,2988,442,367,29,46,796,2798651,844189,141,,,16.04.2020
6,256,59,4,3,10,,3244,501,421,33,47,763,3092727,923870,89,,,17.04.2020
7,362,43,4,2,8,,3606,544,459,37,48,,,,,,,18.04.2020
8,181,42,18,0,15,,3787,586,482,55,49,,,,,,,19.04.2020
9,182,80,13,0,14,,3969,666,548,68,50,739,3737021,1083265,140,,,20.04.2020
10,340,42,19,2,15,,4309,708,569,87,52,750,3981330,1159283,131,,,21.04.2020
11,562,64,35,4,26,,4871,772,594,122,56,754,4063784,1234470,106,,,22.04.2020
12,667,104,8,4,36,,5538,876,686,130,60,474,4298516,1308879,95,,,23.04.2020
13,367,72,6,5,44,5,7230,1139,768,165,72,,,,,,,26.04.2020
14,445,78,11,3,49,3,7675,1217,821,176,75,972,5062457,1544375,212,,,27.04.2020
15,510,122,27,2,73,15,8185,1339,919,203,79,934,5323085,1627099,94,,,28.04.2020
16,673,93,27,2,70,14,8858,1432,980,230,81,1008,5612516,1715649,59,,,29.04.2020
17,340,86,44,7,70,14,9198,1518,1022,274,85,1044,5894519,1800448,44,,,30.04.2020
18,691,93,51,7,64,12,9889,1611,1057,325,92,1004,6163716,1883128,50,,,01.05.2020
19,413,107,53,3,67,11,10302,1718,1246,378,94,1073,6828243,1969369,55,,,02.05.2020
20,451,99,55,7,75,17,10753,1817,1152,433,101,,,,,,,03.05.2020
21,106,61,50,6,76,20,10859,1878,1150,483,107,,,,,,,04.05.2020
22,998,65,,4,76,20,16679,1943,1297,535,111,975,7400712,2140597,64,,,05.05.2020
23,890,86,52,7,79,18,17569,2029,1324,587,118,987,7701559,2229365,45,,,06.05.2020
24,1059,117,84,7,72,11,18628,2146,1350,671,125,946,7987304,2303714,51,,,07.05.2020
25,1642,99,61,12,76,12,20270,2245,1377,732,137,,,,,,,08.05.2020
26,1543,135,96,4,70,12,21813,2380,1414,826,140,,,,,,,09.05.2020
27,938,102,194,3,92,17,22751,2482,1318,1020,145,,,,,,,10.05.2020
28,1008,91,69,5,98,19,23759,2573,1335,1089,149,939,8893882,2565520,40,,,11.05.2020
29,989,164,120,7,107,25,24748,2737,1372,1209,156,936,9204682,2655763,40,,,12.05.2020
30,1205,87,168,7,115,32,25953,2824,1284,1377,163,942,9527043,2749285,45,,,13.05.2020
31,1414,163,109,6,116,34,27349,2987,1332,1486,169,944,9836484,2920804,51,,,14.05.2020
32,1652,106,144,5,132,33,29001,3093,1289,1630,174,934,10150240,3012049,42,,,15.05.2020
33,1205,202,68,11,149,41,30224,3295,1412,1698,185,822,10448921,3097646,26,,,16.05.2020
34,693,201,53,9,141,45,30917,3496,1551,1751,194,,,,,,,17.05.2020
35,1419,102,49,5,148,50,32336,3598,1599,1800,199,801,10728496,3177232,42,,,18.05.2020
36,1459,149,110,8,156,43,33795,3747,1630,1910,207,764,10978998,3248816,20,,,19.05.2020
37,1507,152,113,14,165,43,35302,3899,1656,2023,221,731,11222312,3318942,38,,,20.05.2020
38,1733,208,159,7,169,44,37035,4107,1698,2182,227,712,11460451,3387985,27,,,21.05.2020
39,1735,291,189,14,168,49,38770,4398,1786,2371,241,715,11690770,3456708,39,,,22.05.2020
40,1723,205,92,7,170,42,40493,4603,1892,2463,248,1106,11696949,3458737,37,,,23.05.2020
41,681,179,77,7,176,47,41174,4782,1977,2550,255,,,,,,,24.05.2020
42,689,399,175,10,179,44,41863,5181,2182,2735,264,669,11913350,3514618,21,,,25.05.2020
43,2044,246,140,9,176,44,43907,5427,2279,2875,273,726,12146109,3583074,11,,,26.05.2020
44,1360,106,184,11,171,50,45267,5533,2190,3059,284,734,12383074,3650537,24,,,27.05.2020
45,1315,318,205,10,150,49,46582,5851,2294,3264,293,551,12559845,3701113,10,,,28.05.2020
46,1179,242,186,10,166,45,47761,6093,2340,3450,303,571,12738419,3751405,40,,,29.05.2020
47,1200,108,194,8,170,43,48961,6201,2248,3644,309,564,12926337,3804203,9,,,30.05.2020
48,359,271,138,6,173,42,49320,6472,2376,3782,314,,,,,,,31.05.2020
49,1597,57,168,6,174,46,50917,6529,2259,3950,320,581,13089416,3846611,42,,,1.06.2020
50,1543,266,169,25,165,35,52460,6795,2331,4119,345,536,13248025,3890928,30,,,2.06.2020
51,1249,294,229,8,165,43,53709,7089,2389,4348,352,498,13374837,3925887,13,,,3.06.2020
52,1441,176,157,11,176,40,55150,7265,2399,4505,361,292,13456220,3949393,4,,,4.06.2020
53,1656,182,170,9,183,45,56806,7447,2402,4675,370,571,13622530,3997089,23,,,5.06.2020
54,1649,275,259,3,195,49,58455,7722,2413,4934,372,502,13778921,4042454,33,,,6.06.2020
55,235,159,85,6,209,50,58690,7881,2484,5019,378,,,,,,,7.06.2020
56,2108,181,166,13,204,43,60798,8062,2486,5185,391,610,13962412,4095309,24,,,8.06.2020
57,1697,143,119,12,189,37,62495,8205,2498,5304,403,588,14139347,4147438,39,,,9.06.2020
58,1949,304,271,3,214,43,64444,8509,2528,5575,406,576,14306079,4196226,37,,,10.06.2020
59,2043,268,207,7,216,53,66487,8777,2582,5782,413,640,14497820,4251633,36,,,11.06.2020
60,2249,305,142,12,222,49,68736,9082,2733,5924,425,656,14699892,4310666,36,,,12.06.2020
61,2476,254,163,14,208,47,71212,9336,2810,6087,439,642,14885765,4365798,16,,,13.06.2020
62,1345,320,123,9,203,45,71425,9656,2998,6210,448,,,,,,,14.06.2020
63,2234,234,236,10,230,40,73659,9890,2986,6446,458,647,15080647,4423555,33,,,15.06.2020
64,2547,293,150,11,213,41,76206,10183,3118,6596,469,624,15262567,4475060,35,,,16.06.2020
65,2841,460,117,12,232,44,79047,10643,3449,6713,481,589,15441369,4527088,20,,,17.06.2020
66,2464,472,193,6,245,49,81511,11115,3772,6906,487,428,15554441,4561295,13,,,18.06.2020
67,2676,350,157,6,265,53,84187,11465,3909,7063,493,288,15637216,4588523,25,,,19.06.2020
68,2684,389,183,11,273,52,86871,11854,4086,7264,504,229,15707144,4609215,29,,,20.06.2020
69,1261,620,171,6,290,60,87179,12474,4529,7435,510,,,,,,,21.06.2020
70,3227,212,255,8,280,55,90406,12686,4496,7672,518,199,15758200,4625113,17,,,22.06.2020
71,3402,467,273,10,277,57,93808,13153,4680,7945,528,213,15807381,4639230,20,,,23.06.2020
72,3416,501,155,17,277,56,97224,13654,5009,8100,545,209,15857567,4653418,24,,,24.06.2020
73,3453,531,202,13,316,63,100677,14185,5325,8302,558,206,15904070,4666869,15,,,25.06.2020
74,3378,595,331,14,330,67,104055,14780,5575,8633,572,181,15946074,4679354,28,,,26.06.2020
75,3255,822,486,19,308,65,107310,15602,5892,9119,591,194,15988158,4691526,9,,,27.06.2020
76,1543,523,328,22,324,54,108003,16125,6065,9447,613,,,,,,,28.06.2020
77,4038,617,482,5,333,61,112041,16742,6195,9929,618,166,16016358,4700055,12,,,29.06.2020
78,3949,486,522,25,350,59,115990,17228,6134,10451,643,156,16046748,4708089,,,,30.06.2020
79,4068,877,589,19,347,55,120058,18105,6403,11040,662,226,16081138,4718642,,,,1.07.2020
80,4140,937,631,14,344,56,124198,19402,6695,11671,676,278,16118595,4730159,18,,,2.07.2020
81,4250,807,619,9,389,59,128448,19849,6874,12290,685,258,16156299,4742458,8,,,3.07.2020
82,3757,819,399,18,385,56,132205,20668,7276,12689,703,265,16195728,4755129,26,,,4.07.2020
83,2704,852,420,12,410,70,132816,21520,7696,13109,715,,,,,,,5.07.2020
84,4548,861,630,15,368,64,137364,22381,7912,13739,730,265,16195728,4755129,26,,,6.07.2020
85,3853,640,672,21,385,63,141217,23021,7859,14411,751,241,16263699,4775365,11,,,7.07.2020
86,4727,1147,587,19,401,79,145944,24168,8400,14998,770,231,16296160,4785674,16,,,8.07.2020
87,4684,1006,581,16,402,75,150628,25174,8809,15579,786,219,16332444,4796686,,,,9.07.2020
88,4315,903,609,14,443,74,154943,26077,9089,16188,800,286,16375649,4808207,17,,,10.07.2020
89,4398,827,808,16,461,64,159341,26904,9092,16996,816,320,16417619,4820210,54,,,11.07.2020
90,1514,621,486,24,487,72,160855,27525,9203,17482,840,,,,,,,12.07.2020
91,5168,832,614,9,486,74,166023,28357,9412,18096,849,361,16457998,4833046,,,,13.07.2020
92,5749,750,728,25,513,76,171772,29107,9409,18824,874,444,16513361,4849666,13,,,14.07.2020
93,6343,1416,746,15,502,76,178115,30523,10064,19570,889,491,16571294,4866489,68,,,15.07.2020
94,6582,1812,764,17,536,80,184697,31884,10644,20334,906,469,16634735,4884101,58,,,16.07.2020
95,6811,1705,773,11,527,82,191508,34040,12016,21107,917,536,16707273,4904269,88,,,17.07.2020
96,6891,1838,774,18,547,89,198489,35878,13062,21881,935,542,16772366,4924652,27,,,18.07.2020
97,3815,1508,730,41,557,94,202304,37386,13799,22611,976,70,16780733,4927396,2,,,19.07.2020
98,6918,1817,830,29,591,96,209222,39203,14757,23441,1005,530,16841934,4946911,,,,20.07.2020
99,6222,1512,805,30,616,99,215444,40715,15434,24246,1035,573,16918410,4969581,30,,,21.07.2020
100,7595,1751,883,33,609,94,223039,42466,16269,25129,1068,612,16995010,4991407,48,,,22.07.2020
101,6665,1599,779,36,589,82,229704,44065,17053,25908,1104,609,17075542,5016470,45,,,23.07.2020
102,5747,1479,817,29,663,102,235451,45544,17686,26725,1133,630,17164044,5041305,49,,,24.07.2020
103,6090,1521,693,20,673,115,241541,47065,18494,27418,1153,552,17248877,5066388,30,,,25.07.2020
104,2506,992,175,13,682,105,244047,48057,18298,28593,1166,,,,,,,26.07.2020
105,4467,1160,896,16,744,97,248514,49217,18546,29489,1182,609,17352357,5090627,,,,27.07.2020
106,6567,1213,591,33,742,98,255081,50430,19135,30080,1215,648,17439433,5115824,,,,28.07.2020
107,5919,1308,2543,39,845,99,261000,51738,17861,32623,1254,647,17527217,5142099,75,,,29.07.2020
108,6241,1699,1315,30,927,100,267241,53437,18215,33938,1284,575,17606271,5165610,21,,,30.07.2020
109,6151,818,1185,28,626,100,273392,54255,17820,35123,1312,613,17684095,5189400,24,,,31.07.2020
110,5863,1506,1791,23,638,100,279255,55761,17512,36914,1335,638,17756739,5211336,14,,,1.08.2020
111,3620,1271,1203,31,639,97,281840,57523,18040,38117,1366,294,17807999,5226226,14,,,2.08.2020
112,4604,1270,1822,18,633,98,286444,58304,16981,39939,1384,,,,,,,3.08.2020
113,5595,1192,1312,28,656,404,292039,59496,16833,41251,1412,582,17891452,5252645,19,,,4.08.2020
114,5698,1101,1159,17,675,425,297737,60597,16758,42410,1429,589,17952148,5271567,23,,,5.08.2020
115,5208,1440,1196,27,674,425,302945,62037,16975,43606,1456,,,,,,,6.08.2020
116,5584,1249,1168,23,703,439,308529,63286,17033,44774,1479,,,,,,,7.08.2020
117,5051,1290,1961,37,717,443,313580,64576,16325,46735,1516,,,,,,,8.08.2020
118,6008,1390,1879,24,726,448,319588,65966,15812,48614,1540,,,,,,,9.08.2020
119,5133,761,1499,31,738,444,324721,66727,15043,50113,1571,,,,,,,10.08.2020
120,5320,924,1240,22,735,443,330041,67651,14705,51353,1593,530,18243953,5354905,20,,,11.08.2020
121,6213,1584,1449,28,735,445,336254,69236,14812,52802,1621,463,18291181,5368233,32,,,12.08.2020
122,6335,1091,1156,35,737,448,342589,70326,14712,53958,1656,458,18339625,5383022,25,,,13.08.2020
123,5673,1177,1142,27,750,467,348262,71503,14720,55100,1683,443,18396832,5398828,26,,,14.08.2020
124,5840,1073,1145,27,760,466,354102,72576,14621,56245,1710,458,18339625,5383022,25,,,15.08.2020
125,5707,1522,1412,29,760,462,359809,74098,14702,57657,1739,,,,,,,16.08.2020
126,4635,835,1049,46,765,464,364444,74993,14442,58706,1785,453,18496341,5432100,13,,,17.08.2020
127,5947,1224,1168,29,760,463,370391,76157,14469,59874,1814,440,18550103,5450276,23,,,18.08.2020
128,6690,1211,1089,35,815,483,377081,77368,14556,60963,1849,449,18606554,5469315,43,,,19.08.2020
129,6747,1669,1386,33,802,486,383828,79037,14806,62349,1882,456,18666239,5487285,11,,,20.08.2020
130,7208,1556,1570,35,793,483,391036,80593,14757,63919,1917,468,18721219,5507134,19,,,21.08.2020
131,6891,1577,1427,33,804,488,397927,82170,14874,65346,1950,,,,,,,22.08.2020
132,4868,1225,1243,38,803,493,402795,83395,14818,66589,1988,318,18745112,5518613,8,,,23.08.2020
133,5129,1101,1188,45,802,487,407924,84496,14686,67777,2033,426,18805573,5538733,11,,,24.08.2020
134,6370,1204,1123,44,796,483,414294,85700,14723,68900,2077,487,18860065,5562103,9,,,25.08.2020
135,6164,1617,1369,31,812,492,420458,87317,14940,70269,2108,474,18922309,5582937,11,,,26.08.2020
136,6092,1773,1680,38,818,496,426550,89090,14995,71949,2146,464,18978858,5602167,,,,27.08.2020
137,6449,1781,1578,40,827,498,432999,90871,15158,73527,2168,426,19021470,5617536,24,,,28.08.2020
138,7047,1968,1657,46,834,506,440046,92839,15423,75184,2232,472,19078390,5636834,13,,,29.08.2020
139,5713,1658,1502,35,833,507,445759,94497,15544,76686,2267,,,,,,,30.08.2020
140,2847,876,1384,37,884,527,451053,95373,14999,78070,2304,462,19133020,5655700,15,,,31.08.2020
141,6753,1695,1419,28,890,529,457806,97068,15247,79489,2332,,,,,,,1.09.2020
142,6215,1627,1408,43,1040,530,464021,98695,15423,80897,2375,476,19187462,5674690,18,,,2.09.2020
143,6734,1764,1188,26,885,530,470755,100459,15973,82085,2401,470,19238992,5692410,21,,,3.09.2020
144,6723,1617,1830,30,891,529,477478,102076,15730,83915,2431,430,19289373,5710223,15,,,4.09.2020
145,6704,1736,1456,37,910,529,484182,103812,15973,85371,2468,473,19352873,5731939,16,,,5.09.2020
146,7235,3002,1569,44,910,478,491417,105905,16453,86940,2512,,,,,,,6.09.2020
147,3354,1144,1639,37,912,480,494771,107958,16830,88579,2549,478,19424644,5755155,12,,,7.09.2020
148,5486,1880,2022,35,912,480,500257,109838,16653,90601,2584,502,19494486,5778722,18,,,8.09.2020
149,7609,2078,2013,41,927,483,507866,111916,16677,92614,2625,500,19563344,5801579,20,,,9.09.2020
150,6795,1916,1838,43,940,485,514661,113832,16712,94452,2668,519,19631229,5825151,18,6915,9797,10.09.2020
151,6588,1938,1573,38,917,470,521249,115770,17039,96025,2706,541,19695290,5847229,19,6523,10516,11.09.2020
152,6626,1909,1464,42,910,473,527875,117679,17442,97489,2748,522,19777847,5869355,,6897,10545,12.09.2020
153,6770,1978,1587,45,910,440,534645,119657,17788,99076,2793,,,,,6867,10550,13.09.2020
154,2807,867,1456,39,928,479,537452,120757,17393,100532,2832,349,19834500,5888900,11,6837,10556,14.09.2020
155,5494,1691,1563,43,929,473,542946,122448,17478,102095,2875,930,19915535,5912311,927,6886,10592,15.09.2020
156,7162,2120,1883,43,936,480,550108,124568,17672,103978,2918,768,20029671,5946342,694,6970,10702,16.09.2020
157,6549,1964,2219,45,939,479,556657,126532,17372,106197,2963,800,20141940,5980586,623,6765,10607,17.09.2020
158,6289,1891,1926,44,961,493,562946,128423,17293,108123,3007,813,20256835,6017868,540,6693,10600,18.09.2020
159,5919,1658,1248,39,957,495,568865,130081,17664,109371,3046,823,20368410,6055111,594,6707,10829,19.09.2020
160,6067,1787,1545,38,961,494,574932,131781,17781,110916,3084,,,,,6722,11059,20.09.2020
161,2697,884,1256,37,952,492,577629,132665,17372,112172,3171,758,20461365,6084843,418,6508,10920,21.09.2020
162,5215,1364,1614,46,957,492,582344,134029,17076,113786,3167,827,20566540,6119282,411,6295,10781,22.09.2020
163,6463,1789,1512,46,952,496,589307,135818,17037,115298,3213,835,20677300,6156771,442,6526,10781,23.09.2020
164,5642,1512,1328,42,957,499,594949,137330,17449,116626,3255,863,20784190,6193534,373,6547,10902,24.09.2020
165,6142,1621,1256,41,949,523,601091,138951,17773,117882,3296,899,20897671,6232989,432,6646,11127,25.09.2020
166,5503,1637,1695,36,932,514,606594,140588,17679,119577,3332,887,21017470,6274423,416,6549,11130,26.09.2020
167,5614,1548,1599,41,940,520,612208,142136,17587,121176,2273,,,,,6453,11134,27.09.2020
168,3212,779,1105,33,943,520,615420,142915,17228,122281,3406,878,21154867,6320900,410,6280,10948,28.09.2020
169,5678,1040,1548,40,938,519,621098,143955,16680,123829,3446,904,21296015,6364243,398,6170,10510,29.09.2020
170,6256,1336,1431,40,932,516,627354,145291,16545,125260,3486,950,21471586,6414313,340,6079,10466,30.09.2020
171,5260,1036,1170,42,913,512,632614,146327,16369,126430,3528,995,21665616,6471320,359,5936,10433,1.10.2020
172,5724,1024,1209,43,910,508,638338,147351,16141,127639,3571,1026,21849695,6526256,259,5909,10232,2.10.2020
173,4682,1055,1286,38,895,505,643020,148406,15872,128925,3609,1032,22045229,6587610,181,5849,10023,3.10.2020
174,4580,993,1428,38,899,504,647600,149399,15399,130353,3647,1026,22232446,6649502,147,5206,10193,4.10.2020
175,1839,391,917,32,905,507,649439,149790,14841,131270,3679,1084,22407901,6703312,217,5093,9748,5.10.2020
176,4334,643,1270,30,925,428,653773,150433,14184,132540,3709,1051,22590136,6756760,296,4821,9363,6.10.2020
177,5438,969,1060,22,908,493,659211,151402,14071,133600,3731,1049,22712823,6795477,136,4702,9368,7.10.2020
178,4932,798,805,32,869,496,664143,152200,14032,134405,3763,1058,22827508,6831606,156,4585,9447,8.10.2020
179,4788,697,970,23,859,493,668931,152897,13736,135375,3786,827,22927437,6865330,133,4423,9313,9.10.2020
180,4231,703,1117,22,772,437,673162,153600,13300,136492,3808,522,23040037,6893152,,4319,8981,10.10.2020
181,4269,630,1010,22,858,453,677431,154230,12898,137502,3830,,,,,4213,8685,11.10.2020
182,1920,351,950,14,856,456,679351,154581,12285,138452,3844,,,,,3783,8465,12.10.2020
183,4090,486,998,27,833,450,683441,155067,11746,139450,3871,,,,,3353,8245,13.10.2020
184,4495,528,1413,28,839,453,687936,155595,10833,140863,3899,,,,,3211,7856,14.10.2020
185,4220,549,825,21,835,450,692156,156144,10536,141688,3920,,,,,3069,7467,15.10.2020
186,3393,489,681,21,838,446,695549,156633,10323,142369,3941,,,,,2971,7352,16.10.2020
187,3509,418,860,23,827,441,699058,157051,9858,143229,3964,,,,,2769,7146,17.10.2020
188,3066,366,698,19,821,438,702124,157417,9507,143927,3983,,,,,2567,6940,18.10.2020
189,1497,214,505,18,799,434,703621,157631,9198,144432,4001,,,,,2391,6807,19.10.2020
190,2809,328,904,21,779,425,706430,157959,8601,145336,4022,,,,,2140,6461,20.10.2020
191,3581,428,758,23,750,412,710011,158387,8248,146094,4045,,,,,2041,6207,21.10.2020
192,3518,369,818,21,708,384,713529,158756,7778,146912,4066,,,,,1922,5856,22.10.2020
193,3457,321,730,20,684,364,716986,159077,7349,147642,4086,,,,,1752,5597,23.10.2020
194,2883,329,774,19,685,366,719869,159406,6885,148416,4105,,,,,2503,5400,24.10.2020
195,2516,292,454,17,668,363,722385,159698,6706,148870,4122,,,,,1503,5203,25.10.2020
196,1027,147,410,19,639,356,723412,159845,6424,149280,4141,,,,,1389,4965,26.10.2020
197,2331,241,639,22,620,346,725743,160086,6004,149919,4163,,,,,1276,4728,27.10.2020
198,3035,288,441,17,605,338,728778,160374,5834,150360,4180,,,,,1220,4611,28.10.2020
199,2604,303,463,15,581,332,731382,160677,5659,150823,4195,,,,,1164,4495,29.10.2020
200,2970,284,322,16,584,333,734352,160961,5605,151145,4211,,,,,1141,4464,30.10.2020
201,2526,373,350,16,576,331,736878,161334,5612,151495,4227,,,,,1110,4502,31.10.2020
202,2587,377,240,17,579,335,739465,161711,5732,151735,4244,,,,,1052,4680,1.11.2020
203,1176,133,154,15,546,324,740641,161844,5696,151889,4259,,,,,1007,4689,2.11.2020
204,2327,247,280,16,528,316,742968,162091,5647,152169,4275,,,,,880,4767,3.11.2020
205,3053,328,316,18,494,290,746021,162419,5641,152485,4293,,,,,770,4769,4.11.2020
206,2372,228,356,16,481,275,748393,162647,5497,152841,4309,,,,,770,4750,5.11.2020
207,2019,241,298,12,365,230,750412,162888,5428,153139,4321,,,,,661,4767,6.11.2020
208,2469,169,392,10,399,259,752881,163057,5195,153531,4331,,,,,579,4616,7.11.2020
209,2421,217,259,7,396,260,755302,163274,5146,153790,4338,,,,,483,4593,8.11.2020
210,1192,160,338,10,387,255,756494,163434,4958,154128,4348,,,,,387,4571,9.11.2020
211,2229,185,357,4,378,239,758723,163619,4782,154485,4352,,,,,332,4450,10.11.2020
212,2676,217,380,8,359,233,761399,163836,4611,154865,4360,,,,,311,4300,11.11.2020
213,2549,279,360,8,356,234,763948,164115,4522,155225,4368,,,,,349,4173,12.11.2020
214,2064,226,367,5,354,232,766012,164341,4376,155592,4373,,,,,321,4055,13.11.2020
215,1824,248,326,8,358,231,767836,164589,4381,155918,4381,,,,,449,3932,14.11.2020
216,1111,153,222,4,360,231,768947,164742,4217,156140,4385,,,,,315,3902,15.11.2020
217,1032,137,221,4,370,240,769979,164879,4129,156361,4389,,,,,251,3878,16.11.2020
218,1157,163,110,6,383,253,771136,165042,4176,156471,4395,,,,,250,3926,17.11.2020
219,2743,384,168,6,392,260,773879,165426,4290,156639,4401,,,,,265,4120,18.11.2020
220,3329,411,316,6,385,250,777208,165837,4475,156955,4407,,,,,130,4345,19.11.2020
221,4172,372,209,10,378,240,781380,166209,4628,157164,4417,,,,,283,4345,20.11.2020
222,4396,443,246,4,395,247,785766,166652,4821,157410,4421,,,,,319,4502,21.11.2020
223,4546,330,245,5,390,232,790322,166982,4901,157655,4426,,,,,399,4502,22.11.2020
224,2196,206,181,9,422,255,792518,167188,4917,157836,4435,,,,,415,4391,23.11.2020
225,3053,416,218,5,419,252,795571,167604,5110,158054,4440,,,,,562,4548,24.11.2020
226,4655,426,258,6,409,247,800226,168030,5272,158312,4446,,,,,724,4548,25.11.2020
227,3645,430,382,3,403,248,803871,168460,5317,158694,4449,,,,,338,4979,26.11.2020
228,4777,406,320,2,413,249,808648,168866,5401,159014,4451,,,,,422,4979,27.11.2020
229,4535,528,415,7,400,248,813183,169394,5507,159429,4458,,,,,225,5282,28.11.2020
230,3969,400,360,3,409,245,817152,169794,5544,159789,4461,,,,,224,5320,29.11.2020
231,2149,185,356,3,416,253,819301,169979,5370,160145,4464,,,,,121,5249,30.11.2020
232,2951,371,342,3,408,242,822252,170350,5396,160487,4467,,,,,480,4916,1.12.2020
233,4150,347,345,4,408,246,826402,170697,5394,160832,4471,,,,,281,5113,2.12.2020
234,3465,355,378,7,422,255,829867,171052,5364,161210,4478,,,,,256,5108,3.12.2020
235,3863,366,346,4,429,254,833730,171418,5380,161556,4482,,,,,271,5109,4.12.2020
236,3736,351,423,4,425,250,837466,171769,5304,161979,4486,,,,,226,5078,5.12.2020
237,3496,309,444,7,422,252,840962,172078,5162,162423,4493,,,,,154,5008,6.12.2020
238,1911,202,336,9,414,253,842873,172280,5019,162759,4502,,,,,161,4858,7.12.2020
239,2425,279,220,8,412,247,845298,172559,5070,162979,4510,,,,,219,4851,8.12.2020
240,3708,338,317,4,411,245,849006,172897,5087,163296,4514,,,,,206,4881,9.12.2020
241,3795,258,255,8,413,237,852801,173155,5082,163551,4522,,,,,215,4867,10.12.2020
242,3794,247,228,8,382,220,856595,173402,5093,163779,4530,,,,,226,4867,11.12.2020
243,3771,317,254,6,383,228,860366,173719,5150,164033,4536,,,,,271,4879,12.12.2020
244,4014,294,317,2,387,224,864380,174013,5125,164350,4538,,,,,223,4902,13.12.2020
245,1921,196,257,5,386,224,866301,174209,5059,164607,4543,,,,,157,4902,14.12.2020
246,2278,243,346,6,373,224,868579,174452,4950,164953,4549,,,,,157,4793,15.12.2020
247,3699,302,293,7,374,222,872278,174754,4952,165246,4556,,,,,107,4845,16.12.2020
248,3270,363,268,3,373,226,875548,175117,5044,165514,4559,,,,,199,4845,17.12.2020
249,3658,298,276,5,379,231,879206,175415,5061,165790,4564,,,,,153,4908,18.12.2020
250,2929,328,279,8,388,237,882135,175743,5102,166069,4572,,,,,194,4908,19.12.2020
251,2809,322,228,5,388,235,884944,176065,5191,166297,4577,,,,,179,5012,20.12.2020
252,1862,163,252,4,390,226,886806,176228,5098,166549,4581,,,,,94,5004,21.12.2020
253,2540,234,306,6,391,226,889346,176462,5020,166855,4587,,,,,59,4961,22.12.2020
254,3447,307,451,1,385,225,892793,176769,4875,167306,4588,,,,,59,4816,23.12.2020
255,3109,278,481,4,383,224,895902,177047,4668,167787,4592,,,,,128,4540,24.12.2020
256,3103,311,493,5,387,226,899005,177358,4481,168280,4597,,,,,239,4242,25.12.2020
257,2801,222,412,7,389,229,901806,177580,4284,168692,4604,,,,,289,3995,26.12.2020
258,2883,292,470,9,387,226,904689,177872,4097,169162,4613,,,,,301,3796,27.12.2020
259,2284,148,409,4,333,207,906973,178020,3832,169571,4617,,,,,289,3543,28.12.2020
260,2380,238,480,6,313,169,909353,178258,3584,170051,4623,,,,,328,3256,29.12.2020
261,4023,282,349,3,242,145,913376,178540,3514,170400,4626,,,,,347,3167,30.12.2020
262,3819,229,421,5,246,152,917195,178769,3317,170821,4631,,,,,260,3057,31.12.2020
263,4140,302,324,1,250,160,921335,179071,3294,171145,4632,,,,,452,2842,1.1.2021
264,3844,237,477,8,257,165,925179,179308,3046,171622,4640,,,,,489,2557,2.1.2021
265,4082,290,420,7,250,155,929261,179598,2909,172042,4647,,,,,536,2372,3.1.2021
266,2901,135,202,5,202,,932162,179733,2837,172244,4652,,,,,661,2176,4.1.2021
267,3398,233,343,2,222,,935560,179966,2725,172587,4654,,,,,746,1979,5.1.2021
268,5414,321,353,6,230,,940974,180287,2687,172940,4660,,,,,942,1745,6.1.2021
269,5043,202,393,3,202,,946017,180674,2678,173333,4663,,,,,917,1761,7.1.2021
270,4555,291,249,5,196,,950572,180965,2715,173582,4668,,,,,930,1785,8.1.2021
271,4480,282,347,4,210,,955052,181247,2646,173929,4672,,,,,909,1737,9.1.2021
272,3954,264,214,7,208,,959006,181511,2689,174143,4679,,,,,921,1768,10.1.2021
273,2543,140,144,3,213,,961549,181651,2682,174287,4853,,,,,1036,1646,11.1.2021
274,2660,224,241,4,216,,964209,181875,2661,174528,4686,,,,,857,1804,12.1.2021
275,3907,314,246,4,212,,968116,182189,2725,174774,4690,,,,,1032,1693,13.1.2021
276,3591,259,380,3,208,,971707,182448,2601,175154,4693,,,,,1064,1537,14.1.2021
277,3161,261,240,3,206,,974868,182709,2619,175394,4696,,,,,1036,1550,15.1.2021
278,3049,192,234,4,201,,977917,182901,2573,175628,4700,,,,,1009,1564,16.1.2021
279,3205,273,345,3,206,,981122,183174,2498,175973,4703,,,,,2498,1508,17.1.2021
280,2042,121,151,6,206,,983164,183295,2462,176124,4709,,,,,1009,1453,18.1.2021
281,2340,182,335,5,203,,985504,183477,2304,176459,4714,,,,,1009,1295,19.1.2021
282,3852,310,353,6,206,,989356,183787,2255,176812,4720,,,,,1009,1246,20.1.2021
283,3487,227,304,5,205,,992843,184014,2173,177116,4725,,,,,1009,1246,21.1.2021
284,3428,232,290,4,206,,996271,184246,2111,177406,4729,,,,,897,1214,22.1.2021
285,3742,228,258,6,204,,1000013,184474,2075,177664,4735,,,,,914,1161,23.1.2021
286,3836,208,229,3,206,,1003849,184632,2051,177893,4738,,,,,978,1073,24.1.2021
287,2385,98,123,1,205,,1006234,184780,2025,178016,4739,,,,,1009,1016,25.1.2021
288,2402,225,258,3,206,,1008636,185005,1989,178274,4742,,,,,1009,980,26.1.2021
289,3071,128,168,2,202,,1011707,185133,1947,178442,4744,,,,,1009,938,27.1.2021
290,3634,224,149,4,206,,1015341,185357,2018,178591,4748,,,,,1051,967,28.1.2021
291,4395,201,204,5,204,,1019736,185558,2010,178795,4753,,,,,1019,991,29.1.2021
292,4152,172,181,6,202,,1023888,185730,1995,178976,4759,,,,,903,1092,30.1.2021
293,4115,192,238,5,201,,1028003,185922,1944,179214,4764,,,,,1004,940,31.1.2021
294,2431,102,236,2,156,,1030434,186024,1808,179450,4766,,,,,878,930,1.2.2021
295,2692,176,247,2,155,,1033126,192181,1735,185678,4768,,,,,881,835,2.2.2021
296,4053,198,306,1,109,,1037179,192379,1626,185984,4769,,,,,885,741,3.2.2021
297,3886,228,328,3,109,,1041065,192607,1523,186312,4772,,,,,831,692,4.2.2021
298,3357,195,224,2,110,,1044422,192802,1492,186536,4774,,,,,840,652,5.2.2021
299,3239,180,265,0,112,,1047661,192982,1407,186801,4774,,,,,794,613,6.2.2021
300,2906,196,219,1,110,,1050567,193178,1383,187020,4775,,,,,815,568,7.2.2021
301,1945,162,145,4,113,,1052512,193340,1396,187165,4779,,,,,805,591,8.2.2021
302,2232,216,197,4,120,,1054744,193556,1411,187362,4783,,,,,773,638,9.2.2021
303,3344,239,170,5,131,,1058088,193795,1475,187532,4788,,,,,735,740,10.2.2021
304,3230,256,113,1,134,,1061318,194051,1617,187645,4789,,,,,812,805,11.2.2021
305,3382,258,350,5,135,,1064700,194309,1520,187995,4794,,,,,829,691,12.2.2021
306,3607,331,291,2,142,,1068307,194640,1558,188286,4796,,,,,829,729,13.2.2021
307,3508,354,248,3,145,,1071815,194994,1661,188534,4799,,,,,863,798,14.2.2021
308,2376,193,169,2,151,,1074191,195187,1683,188703,4801,,,,,902,781,15.2.2021
309,2620,309,272,1,142,,1076811,195496,1719,188975,4802,,,,,946,835,16.2.2021
310,4304,428,262,4,145,,1081115,195924,1881,189237,4806,,,,,991,890,17.2.2021
311,4424,465,184,6,154,,1085539,196389,2156,189421,4812,,,,,1070,1086,18.2.2021
312,4254,527,280,4,159,,1089793,196916,2399,189701,4816,,,,,1132,1267,19.2.2021
313,4634,414,247,5,160,,1094427,197330,2561,189948,4821,,,,,1195,1366,20.2.2021
314,4707,634,294,5,164,,1099134,197964,2896,190242,4826,,,,,1284,1612,21.2.2021
315,4414,328,318,4,172,,1103548,198292,2902,190560,4830,,,,,1384,1518,22.2.2021
316,4606,661,358,4,201,,1108154,198953,3201,190918,4834,,,,,1453,1748,23.2.2021
317,6514,743,2382,3,207,,1114668,199696,3559,191300,4837,,,,,1984,1575,24.2.2021
318,6556,766,391,4,231,,1121224,200462,3930,191691,4841,,,,,2056,1874,25.2.2021
319,7108,727,398,6,245,,1128332,201189,4253,192089,4847,,,,,2089,2164,26.2.2021
320,8041,739,412,6,260,,1136373,201928,4574,192501,4853,,,,,2104,2470,27.2.2021
321,7473,774,427,2,261,,1143846,202702,4919,192928,4855,,,,,2449,2470,28.2.2021
322,4815,406,415,4,262,,1148661,203108,4906,193343,4859,,,,,1990,2913,1.3.2021
323,6124,688,498,5,278,,1154785,203796,5091,193841,4864,,,,,2428,2663,2.3.2021
324,8013,853,388,5,281,,1162798,204649,5551,194229,4869,,,,,2428,3123,3.3.2021
325,7585,904,562,7,294,,1170383,205553,5886,194791,4876,,,,,2491,3395,4.3.2021
326,7267,830,551,5,300,,1177650,206383,6160,195342,4881,,,,,2491,3669,5.3.2021
327,7609,963,659,4,321,,1185259,207346,6460,196001,4885,,,,,2506,3954,6.3.2021
328,6743,984,750,5,341,,1192002,208330,6689,196751,4890,,,,,2589,4100,7.3.2021
329,6534,753,700,7,358,,1198536,209083,6735,196751,4897,,,,,2551,4184,8.3.2021
330,6090,1086,795,6,321,,1204626,210169,7020,198246,4903,,,,,2608,4412,9.3.2021
331,7721,1352,646,7,364,,1212347,211521,7719,198892,4910,,,,,3010,4709,10.3.2021
332,8553,1504,675,7,357,,1220900,213025,8541,199567,4917,,,,,3550,4991,11.3.2021
333,8602,1805,598,8,341,,1229502,214830,9740,200165,4925,,,,,2922,6818,12.3.2021
334,9762,1633,638,12,351,,1239264,216463,10723,200803,4937,,,,,4020,6703,13.3.2021
335,9122,1740,858,15,355,,1248396,218203,11590,201661,4952,,,,,4667,6923,14.3.2021
336,7266,1082,678,10,370,,1255652,219285,11984,202339,4962,,,,,5112,6872,15.3.2021
337,8044,1925,677,7,394,,1263696,221210,13225,203016,4969,,,,,3328,9897,16.3.2021
338,11230,2587,769,11,425,,1274926,223797,15032,203785,4980,,,,,3928,11104,17.3.2021
339,11835,2752,885,22,440,,1286761,226549,16877,204670,5002,,,,,4789,12088,18.3.2021
340,12625,2834,499,15,499,,1299386,229383,18888,205478,5017,,,,,3705,15183,19.3.2021
341,14484,3111,1094,16,538,,1313870,232494,20889,206572,5033,,,,,9679,11210,20.3.2021
342,12929,2900,1245,20,519,,1326799,235394,22524,207817,5053,,,,,9790,12734,21.3.2021
343,11890,2342,1789,15,524,,1338689,237736,23062,209606,5068,,,,,2942,20120,22.3.2021
344,11310,3098,1698,22,555,,1349999,240834,24440,211304,5090,,,,,3002,21438,23.3.2021
345,16185,3509,1410,24,589,,1366184,244343,26515,212714,5114,,,,,3004,23511,24.3.2021
346,16578,3286,1200,23,599,,1382762,247629,28578,213914,5137,,,,,3122,25456,25.3.2021
347,16799,3594,2165,24,612,,1399561,251223,29983,216079,5161,,,,,3365,26618,26.3.2021
348,17633,3463,2584,30,621,,1417194,254686,30832,218663,5191,,,,,3503,27329,27.3.2021
349,16804,4426,2107,28,645,,1433998,259112,33123,220770,5219,,,,,3217,29906,28.3.2021
350,15153,2547,2771,24,674,,1449151,261659,32875,223541,5243,,,,,4343,28532,29.3.2021
351,13436,3226,3268,27,725,,1462587,264885,32806,226809,5270,,,,,4849,27957,30.3.2021
352,16446,4458,3374,32,799,,1479033,269343,33858,230183,5302,,,,,5811,28047,31.3.2021
353,20681,4103,2077,35,825,,1499714,273446,35849,232260,5337,,,,,5439,30410,1.4.2021
354,20073,4653,3337,39,475,,1519787,278099,37126,235597,5376,,,,,5554,31572,2.4.2021
355,20066,5720,3293,35,837,,1539853,283819,39518,238890,5411,,,,,5669,33849,3.4.2021
356,17774,6225,3762,41,901,,1557627,290044,41940,242652,5452,,,,,6145,35795,4.4.2021
357,18720,4077,3240,36,919,,1576347,294121,42741,245892,5488,,,,,6269,36472,5.4.2021
358,17389,5600,3481,38,915,,1593736,299721,44822,249373,5526,,,,,6421,38401,6.4.2021
359,26120,5651,4361,41,957,,1619856,305372,46071,253734,5567,,,,,6556,39515,7.4.2021
360,23595,7010,4099,43,999,,1643451,312382,48939,257833,5610,,,,,7168,41771,8.4.2021
361,27986,5647,4587,44,1003,,1671437,318029,49955,262420,5654,,,,,7471,42484,9.4.2021
362,25504,4953,4389,46,1014,,1696941,322982,50473,266809,5700,,,,,7476,42997,10.4.2021
363,24773,6679,4628,48,1045,,1721714,329661,52476,271437,5748,,,,,7822,44654,11.4.2021
364,22466,4849,3896,53,1050,,1744180,334510,53376,275333,5801,,,,,7977,45399,12.4.2021
365,21166,5313,4573,55,1086,,1765346,339823,54061,279906,5856,,,,,8033,46028,13.4.2021
366,21325,4206,4895,46,1158,,1786671,344029,53326,284801,5902,,,,,8293,45033,14.4.2021
367,21922,5395,4321,49,1172,,1808593,349424,54351,289122,5951,,,,,8627,45724,15.4.2021
368,23564,5373,5049,51,1196,,1832157,354797,54624,294171,6002,,,,,8935,45689,16.4.2021
369,24506,6006,5609,54,1236,,1856663,360803,54967,299780,6056,,,,,9173,45794,17.4.2021
370,24072,6434,4712,53,1250,,1880735,367237,56636,304492,6109,,,,,9307,47329,18.4.2021
371,20889,4587,6473,54,1267,,1901624,371824,54696,310965,6163,,,,,9466,45230,19.4.2021
372,20204,5138,6802,55,1277,,1921828,376962,52977,317767,6218,,,,,8619,44358,20.4.2021
373,24409,5529,6530,56,1313,,1946237,382491,51920,324297,6274,,,,,9856,42064,21.4.2021
374,22277,4539,4851,56,1313,,1968514,387030,51552,329148,6330,,,,,9884,41668,22.4.2021
375,22962,4465,5634,58,1328,,1991476,391495,50325,334782,6388,,,,,10334,39991,23.4.2021
376,22227,3991,4789,55,1364,,2013703,395486,49472,339571,6443,,,,,10265,39207,24.4.2021
377,20348,4631,4759,55,1369,,2034051,400117,49289,344330,6498,,,,,10252,39037,25.4.2021
378,16112,2538,4351,56,1371,,2050163,402655,47420,348681,6554,,,,,10211,37209,26.4.2021
379,16650,3871,6159,57,1368,,2066813,406526,45075,354840,6611,,,,,10276,34799,27.4.2021
380,20277,3978,4936,58,1379,,2087090,410504,44059,359776,6669,,,,,10398,33661,28.4.2021
381,20501,4895,4688,63,1392,,2107591,415399,44203,364464,6732,,,,,10251,33952,29.4.2021
382,19537,4119,5013,65,1391,,2127128,419518,43244,369477,6797,,,,,9563,33681,30.4.2021
383,19336,4069,4339,67,1402,,2146464,423587,42907,373816,6864,,,,,9428,33479,1.5.2021
384,16610,4044,4656,66,1401,,2163074,427631,42229,378472,6930,,,,,9198,33031,2.5.2021
385,12276,2579,4096,61,1411,,2175350,430210,40701,382518,6991,,,,,8955,31746,3.5.2021
386,15098,2879,3678,63,1413,,2190448,433089,39839,386196,7054,,,,,8704,31135,4.5.2021
387,19790,3260,3303,64,1415,,2210238,436349,39732,389499,7118,,,,,8633,31099,5.5.2021
388,18862,2902,2986,66,1414,,2229100,439251,39582,392485,7184,,,,,8316,31266,6.5.2021
389,16763,2451,3491,61,1411,,2245863,441702,38481,395976,7245,,,,,7923,30558,7.5.2021
390,17118,2837,4673,59,1403,,2262981,444539,36586,400649,7304,,,,,7609,28977,8.5.2021
391,13107,2025,4825,54,1401,,2276088,446564,33732,405474,7358,,,,,7959,25773,9.5.2021
392,11499,1165,4010,51,1402,,2287587,447729,30836,409484,7409,,,,,7479,23357,10.5.2021
393,11996,2404,3486,52,1399,,2299583,450133,29702,412970,7461,,,,,9013,20689,11.5.2021
394,13981,1931,4567,52,1395,,2313564,452064,27014,417537,7513,,,,,9379,17635,12.5.2021
395,12738,2393,4135,50,1372,,2326302,454457,25222,421672,7563,,,,,9279,15943,13.5.2021
396,13908,1836,3318,48,1381,,2340210,456293,23692,424990,7611,,,,,8835,14857,14.5.2021
397,12409,1693,3033,48,1413,,2352619,457986,22304,428023,7659,,,,,8541,13763,15.5.2021
398,11553,1317,2985,47,1415,,2364172,459303,20589,431008,7706,,,,,8209,12380,16.5.2021
399,7862,684,3290,43,1385,,2372034,459987,17940,434298,7749,,,,,7768,10672,17.5.2021
400,9258,1021,2892,46,1364,,2381292,461008,16523,436690,7795,,,,,6458,10065,18.5.2021
401,10806,1164,2407,48,1348,,2392098,462172,15232,439097,7843,,,,,6356,8876,19.5.2021
402,12226,931,1076,44,1328,,2404324,463103,15043,440173,7887,,,,,6239,8804,20.5.2021
403,11676,973,2496,41,1315,,2416000,464076,13479,442669,7928,,,,,6132,7347,21.5.2021
404,11380,840,1949,40,1309,,2427380,464916,12330,444618,7968,,,,,6101,6229,22.5.2021
405,9066,709,2324,39,1291,,2436446,465625,10676,446942,8007,,,,,6035,4641,23.5.2021
406,7582,494,1410,36,1059,,2444028,466119,9724,448352,8043,,,,,4705,5019,24.5.2021
407,7737,739,1560,35,1032,,2451765,466858,8868,449912,8078,,,,,3814,5504,25.5.2021
408,8751,683,1158,37,1020,,2460516,467541,8356,451070,8115,,,,,3693,4663,26.5.2021
409,8193,588,921,33,996,,2468709,468129,7990,451991,8148,,,,,3309,4681,27.5.2021
410,8200,573,999,29,981,,2476909,468702,7535,452990,8177,,,,,3166,4369,28.5.2021
411,7966,559,1023,27,963,,2484875,469261,7044,454014,8204,,,,,2811,4233,29.5.2021
412,7423,486,887,28,954,,2492298,469747,6615,454900,8232,,,,,2871,3744,30.5.2021
413,4439,180,751,24,844,,2496737,469527,6020,455651,8256,,,,,2963,3057,31.5.2021
414,5964,384,858,28,784,,2502701,470311,5518,456509,8284,,,,,2864,2654,1.6.2021
415,7483,467,651,29,761,,2510184,470778,5305,457160,8313,,,,,2683,2622,2.6.2021
416,8166,450,515,27,742,,2518350,471228,5213,457675,8340,,,,,2286,2927,3.6.2021
417,7871,349,699,21,721,,2526221,471577,4842,458374,8361,,,,,2210,2632,4.6.2021
418,6909,380,641,18,709,,2533130,471957,4563,459015,8379,,,,,2299,2264,5.6.2021
419,5868,297,549,16,662,,2538998,472254,4295,459564,8395,,,,,2000,2295,6.6.2021
420,4775,177,514,15,625,,2543773,472431,3943,460078,8410,,,,,1916,2027,7.6.2021
421,5052,297,529,12,589,,2548825,472728,3699,460607,8422,,,,,1969,1730,8.6.2021
422,6758,311,456,15,563,,2555583,473039,3539,461063,8437,,,,,1691,1848,9.6.2021
423,5753,261,333,10,535,,2561336,473300,3457,461396,8447,,,,,1528,1929,10.6.2021
424,6076,239,367,9,519,,2567412,473539,3320,461763,8456,,,,,1518,1802,11.6.2021
425,5829,331,459,10,517,,2573241,473870,3182,462222,8466,,,,,1463,1719,12.6.2021
426,5532,242,388,9,511,,2578773,474112,3027,462610,8475,,,,,1463,1564,13.6.2021
427,3441,187,319,7,502,,2582214,474299,2888,462929,8482,,,,,1343,1545,14.6.2021
428,4748,246,351,10,483,,2586962,474545,2773,463280,8492,,,,,1334,1439,15.6.2021
429,5958,295,321,9,451,,2592920,474840,2738,463601,8501,,,,,1247,1491,16.6.2021
430,5817,257,284,8,437,,2598737,475097,2703,463885,8509,,,,,1247,1456,17.6.2021
431,5951,280,318,7,409,,2604688,475377,2658,464203,8516,,,,,1231,1427,18.6.2021
432,5724,211,302,8,387,,2610412,475588,2559,464505,8524,,,,,1189,1370,19.6.2021
433,4500,266,255,7,373,,2614912,475854,2563,464760,8531,,,,,1370,1193,20.6.2021
434,3872,136,223,6,359,,2618784,475990,2470,464983,8537,,,,,1154,1316,21.6.2021
435,4878,220,331,5,342,,2623662,476210,2354,465314,8542,,,,,1132,1222,22.6.2021
436,5437,283,255,7,331,,2629099,476493,2375,465569,8549,,,,,1077,1298,23.6.2021
437,5696,333,187,5,323,,2634795,476826,2516,465756,8554,,,,,1048,1468,24.6.2021
438,5795,258,246,6,314,,2640590,477084,2522,466002,8560,,,,,1048,1474,25.6.2021
439,5859,226,335,5,309,,2646449,477310,2408,466337,8565,,,,,1068,1340,26.6.2021
440,5271,274,257,6,296,,2651720,477584,2419,466594,8571,,,,,1057,1362,27.6.2021
441,4176,157,280,7,291,,2655896,477741,2289,466874,8578,,,,,1057,1232,28.6.2021
442,5362,268,232,5,288,,2661258,478009,2320,467106,8583,,,,,1063,1257,29.6.2021
443,6707,508,266,5,287,,2667965,478517,2557,467372,8588,,,,,1056,1501,30.6.2021
444,6484,286,133,6,285,,2674449,478803,2704,467505,8594,,,,,1062,1642,1.7.2021
445,6694,269,220,5,285,,2681143,479072,2748,467725,8599,,,,,1076,1672,2.7.2021
446,6731,344,283,7,291,,2687874,479416,2802,468008,8606,,,,,1076,1726,3.7.2021
447,5700,316,297,6,297,,2693608,479732,2700,468337,8612,,,,,1090,1693,4.7.2021
448,4084,150,249,5,290,,2697692,479882,2679,468586,8617,,,,,1097,1882,5.7.2021
449,5228,268,226,5,284,,2702920,480150,2716,468812,8622,,,,,1085,1631,6.7.2021
450,7026,432,271,6,252,,2709946,480582,2871,469083,8628,,,,,1057,1814,7.7.2021
451,6099,331,253,8,244,,2716045,480913,2941,469336,8626,,,,,1064,1877,8.7.2021
452,6980,314,231,6,236,,2722935,481227,3018,469567,8642,,,,,1049,1969,9.7.2021
453,7226,320,302,5,231,,2730161,481547,3031,469869,8647,,,,,1072,1959,10.7.2021
454,6074,287,228,5,227,,2736235,481834,3085,470097,8652,,,,,1068,2017,11.7.2021
455,4802,189,279,4,225,,2741037,482023,2991,470376,8656,,,,,1068,1923,12.7.2021
456,5840,228,244,7,226,,2746877,482251,2868,470720,8663,,,,,1089,1779,13.7.2021
457,8099,331,277,5,227,,2754976,482582,2917,470997,8668,,,,,1058,1859,14.7.2021
458,7696,334,212,6,225,,2762672,482916,3033,471209,8674,,,,,1042,1991,15.7.2021
459,7950,283,268,6,229,,2770622,483199,3042,471477,8680,,,,,1046,1996,16.7.2021
460,8052,321,432,5,234,,2778674,483520,2926,471909,8685,,,,,1035,1891,17.7.2021
461,7058,364,331,5,236,,2785732,483884,2954,472240,8690,,,,,1035,1919,18.7.2021
462,6277,196,289,6,235,,2792009,484080,2855,472529,8696,,,,,1037,1818,19.7.2021
463,7178,276,310,6,229,,2799187,484356,2815,472839,8702,,,,,1037,1778,20.7.2021
464,9697,346,287,7,227,,2808884,484702,2867,473126,8709,,,,,1015,1852,21.7.2021
465,7791,333,187,6,224,,2816675,484035,3007,473313,8715,,,,,982,2025,22.7.2021
466,8403,250,222,5,224,,2825078,485285,3030,473535,8720,,,,,948,2082,23.7.2021
467,7620,181,331,5,226,,2832698,485466,2875,473866,8725,,,,,947,1928,24.7.2021
468,6987,250,327,6,231,,2839685,485716,2792,474193,8731,,,,,945,1847,25.7.2021
469,4595,139,284,5,225,,2844280,485855,2642,474477,8736,,,,,916,1726,26.7.2021
470,5884,216,304,6,222,,2850164,486071,2548,474781,8742,,,,,920,1628,27.7.2021
471,7930,294,347,7,224,,2858094,486365,2488,475128,8749,,,,,913,1575,28.7.2021
472,7775,304,196,7,226,,2865869,486669,2589,475324,8756,,,,,892,1697,29.7.2021
473,6970,236,243,5,223,,2872839,486905,2577,475567,8761,,,,,892,1685,30.7.2021
474,8450,260,335,6,220,,2881289,487165,2496,475902,8767,,,,,883,1613,31.7.2021
475,6617,256,333,7,,,2887906,487421,,476235,8774,,,,,883,1529,1.8.2021
476,7200,142,243,5,218,,2895106,487563,2306,476478,8779,,,,,865,1441,2.8.2021
477,5453,237,181,7,216,,2900559,487800,2355,476659,8786,,,,,861,2335,3.8.2021
478,8312,249,250,6,213,,2908871,488049,2348,476909,8792,,,,,869,1479,4.8.2021
479,8469,244,139,5,209,,2917340,488293,2448,477048,8797,,,,,882,1566,5.8.2021
480,9766,185,237,5,206,,2927106,488478,2391,477285,8802,,,,,866,1525,6.8.2021
481,9217,204,294,6,203,,2936323,488682,2295,477579,8808,,,,,866,1525,7.8.2021
482,7640,220,304,5,202,,2943963,488902,2206,477883,8813,,,,,870,1425,8.8.2021
483,6313,119,236,3,236,,2950276,489021,2086,478119,8816,,,,,844,1362,9.8.2021
484,7620,226,254,7,203,,2957896,489247,2051,478373,,,,,,844,1242,10.8.2021
485,9900,259,256,5,204,,2967796,489506,2049,478629,8828,,,,,843,1206,11.8.2021
486,9485,226,142,4,204,,2977281,489732,2129,478771,8832,,,,,838,1291,12.8.2021
487,9211,238,237,5,198,,2986492,489970,2125,479008,8837,,,,,844,1281,13.8.2021
488,9371,258,249,6,201,,2995863,490228,2128,479257,8843,,,,,846,1282,14.8.2021
489,8876,218,244,4,204,,3004739,490446,2098,479501,8847,,,,,,,15.8.2021
490,6272,128,185,6,203,,3011011,490574,2035,479686,8853,,,,,849,1136,16.8.2021
491,6101,168,188,5,200,,3017112,490742,2010,479874,8858,,,,,853,1157,17.8.2021
492,9604,266,215,5,202,,3026716,491008,2056,480089,8863,,,,,840,1216,18.8.2021
493,9507,254,119,5,206,,3036223,491262,2186,480208,8868,,,,,,,19.8.2021
494,9668,182,216,6,208,,3045891,491444,2146,480424,8874,,,,,862,1284,20.8.2021
495,8733,221,254,5,209,,3054624,491665,2108,480678,8879,,,,,862,1246,21.8.2021
496,7619,197,222,6,209,,3062243,491862,2077,480900,8885,,,,,843,1234,22.8.2021
497,5778,97,233,5,205,,3068021,491959,1936,481133,8890,,,,,836,1100,23.8.2021
498,5811,205,250,3,203,,3073832,493786,1888,483005,8893,,,,,844,1044,24.8.2021
499,8961,399,216,5,208,,3082793,494185,2066,483221,8898,,,,,828,1238,25.8.2021
500,9278,282,122,4,210,,3092071,494467,2222,483343,8902,,,,,850,1372,26.8.2021
501,9685,237,163,5,206,,3101756,494724,2311,483506,8907,,,,,832,1479,27.8.2021
502,9312,244,261,5,208,,3111068,494968,2289,483767,8912,,,,,832,1457,28.8.2021
503,7601,247,249,5,207,,3118669,495215,2282,484016,8917,,,,,861,1421,29.8.2021
504,6802,128,171,5,198,,3125471,495343,2234,484187,8922,,,,,847,1387,30.8.2021
505,7840,243,208,4,204,,3133311,495586,2265,484395,8926,,,,,854,1411,31.8.2021
506,10156,292,189,5,205,,3143467,495878,2363,484584,8931,,,,,849,1514,1.9.2021
507,9484,222,107,4,204,,3152951,496100,2474,484691,8935,,,,,853,1621,2.9.2021
508,9011,244,205,5,204,,3161962,496344,2508,484896,8940,,,,,853,1655,3.9.2021
509,10094,199,391,5,207,,3172056,496543,2311,485287,8945,,,,,865,1446,4.9.2021
510,7987,229,278,4,208,,3180043,496772,2258,485565,8949,,,,,862,1396,5.9.2021
511,6097,165,252,4,211,,3186140,496937,2167,485817,8953,,,,,866,1301,6.9.2021
512,6425,218,239,5,211,,3192565,497155,2141,486056,8958,,,,,847,1294,7.9.2021
513,10698,257,242,4,212,,3203263,497412,2152,486298,8962,,,,,2152,1288,8.9.2021
514,8865,200,123,3,213,,3212128,497612,2226,486421,8965,,,,,859,1367,9.9.2021
515,8329,241,239,4,214,,3220457,497853,2224,486660,8969,,,,,839,1385,10.9.2021
516,6879,134,287,4,215,,3227336,497987,2067,486947,8973,,,,,845,1222,11.9.2021
517,5755,196,218,4,217,,3233091,498183,2041,487165,8977,,,,,845,1196,12.9.2021
518,5603,107,239,4,205,,3238694,498290,1905,487404,8981,,,,,807,1098,13.9.2021
519,6050,178,194,2,191,,3244744,498468,1887,487598,8983,,,,,791,1096,14.9.2021
520,7973,199,225,3,188,,3252717,498667,1858,487823,8986,,,,,812,1046,15.9.2021
521,9420,215,161,4,188,,3262137,498882,1908,487984,8990,,,,,807,1101,16.9.2021
522,7831,171,213,4,181,,3269968,499053,1862,488197,8994,,,,,821,1041,17.9.2021
523,7891,175,253,3,176,,3277859,499228,1781,488450,8997,,,,,871,910,18.9.2021
524,7697,145,197,4,178,,3285556,499373,1725,488647,9001,,,,,753,972,19.9.2021
525,6011,86,237,3,173,,3291567,499459,1571,488884,9004,,,,,759,812,20.9.2021
526,6187,159,130,4,180,,3297754,489014,1596,489014,9008,,,,,745,851,21.9.2021
527,8458,170,192,1,178,,3306212,499788,1573,489206,9009,,,,,751,822,22.9.2021
528,8032,171,105,2,181,,3314244,499959,1637,489311,9011,,,,,755,882,23.9.2021
529,8509,121,174,3,183,,3322753,500080,1581,489485,9014,,,,,761,820,24.9.2021
530,8285,171,196,4,185,,3331038,500251,1552,489681,9018,,,,,768,784,25.9.2021
531,8694,134,211,2,182,,3339732,500385,1473,489892,9020,,,,,686,787,26.9.2021
532,5937,109,167,2,182,,3345669,500494,1413,490059,9022,,,,,691,722,27.9.2021
533,5901,158,172,3,183,,3351570,500652,1396,490231,9025,,,,,685,711,28.9.2021
534,8237,189,141,2,184,,3359807,500841,1442,490372,9027,,,,,685,757,29.9.2021
535,7841,185,138,2,184,,3367648,501026,1487,490510,9029,,,,,675,812,30.9.2021
536,8419,155,138,2,185,,3376067,501181,1502,490648,9031,,,,,693,809,1.10.2021
537,7674,171,131,2,184,,3383741,501352,1540,490779,9033,,,,,688,852,2.10.2021
538,6564,151,169,3,214,,3390305,501503,1519,490948,9036,,,,,675,844,3.10.2021
539,5550,125,118,2,219,,3395855,501628,1524,491066,9038,,,,,668,856,4.10.2021
540,6159,162,167,2,191,,3402014,501790,1517,491233,9040,,,,,673,844,5.10.2021
541,7427,182,132,3,189,,3409441,501972,1564,491365,9043,,,,,668,896,6.10.2021
542,7562,129,107,3,184,,3417003,502101,1583,491472,9046,,,,,679,904,7.10.2021
543,8525,125,155,3,187,,3425528,491627,1550,491627,9049,,,,,679,905,8.10.2021
544,6895,121,187,2,180,,3432423,502347,1482,491814,9051,,,,,675,807,9.10.2021
545,5927,118,183,2,175,,3438350,502465,1415,491997,9053,,,,,656,759,10.10.2021
546,4651,86,153,1,182,,3443001,502551,1347,492150,9054,,,,,659,688,11.10.2021
547,5390,115,169,2,186,,3448391,502666,1291,492319,9056,,,,,655,636,12.10.2021
548,7214,129,148,1,181,,3455605,502795,1271,492467,9057,,,,,651,620,13.10.2021
549,7075,103,123,2,177,,3462680,502898,1249,492590,9059,,,,,652,597,14.10.2021
550,6868,87,160,1,177,,3469548,502985,1175,492750,9060,,,,,652,523,15.10.2021
551,4360,84,179,2,171,,3473908,503069,1078,492929,9062,,,,,619,459,16.10.2021
552,5488,106,126,2,166,,3479396,503175,1056,493055,9064,,,,,608,448,17.10.2021
553,4675,70,122,1,164,,3484071,503245,1003,493177,9065,,,,,589,414,18.10.2021
554,4780,112,119,2,158,,3488851,503357,994,493296,9067,,,,,548,446,19.10.2021
555,5986,112,118,0,151,,3494837,503469,988,493414,9067,,,,,525,463,20.10.2021
556,5710,79,83,0,163,,3500547,503548,984,493497,9067,,,,,508,476,21.10.2021
557,5763,91,113,2,160,,3506310,503639,960,493610,9069,,,,,496,464,22.10.2021
558,5769,94,126,1,154,,3512079,503733,927,493736,9070,,,,,496,431,23.10.2021
559,5061,71,103,2,141,,3517140,503804,893,493839,9072,,,,,471,422,24.10.2021
560,3533,55,86,1,143,,3520673,503859,861,493925,9073,,,,,473,388,25.10.2021
561,3864,61,82,0,141,,3524537,503920,840,494007,9073,,,,,464,376,26.10.2021
562,5490,96,104,0,139,,3530027,504016,832,494111,9073,,,,,459,373,27.10.2021
563,4961,83,69,1,131,,3534988,504099,845,494180,9074,,,,,443,402,28.10.2021
564,5493,57,110,0,135,,3540481,504156,792,494290,9074,,,,,435,357,29.10.2021
565,6200,59,112,0,124,,3546681,504215,739,494402,9074,,,,,430,309,30.10.2021
566,5239,71,79,0,112,,3551920,504286,731,494481,9074,,,,,374,357,31.10.2021
567,4098,44,89,0,,,3556018,504375,686,494570,9074,,,,,368,318,1.11.2021
568,4302,67,93,0,93,,3560320,504397,660,494663,9074,,,,,395,265,2.11.2021
569,5269,98,69,2,94,,3565589,504495,687,494732,9076,,,,,368,319,3.11.2021
570,4852,94,54,0,99,,3570441,504589,727,494732,9076,,,,,342,385,4.11.2021
571,3332,54,61,0,100,,3573773,504643,720,494847,9076,,,,,342,385,5.11.2021
572,2610,47,96,1,105,,3576383,504690,670,494943,9077,,,,,322,348,6.11.2021
573,5667,69,82,0,103,,3582050,504759,657,495025,9077,,,,,322,348,7.11.2021
574,3695,47,57,0,104,,3585745,504806,647,495082,9077,,,,,317,330,8.11.2021
575,5054,113,59,0,114,,3590799,504919,701,495141,9077,,,,,359,,9.11.2021
576,5686,83,71,2,115,,3596485,505002,711,495212,9079,,,,,359,352,10.11.2021
577,5176,75,44,0,106,,3601661,505077,742,495256,9079,,,,,360,382,11.11.2021
578,5371,86,67,1,113,,3607032,505163,760,495323,9080,,,,,348,412,12.11.2021
579,4890,92,96,2,102,,3611922,505255,754,495419,9082,,,,,350,404,13.11.2021
580,4432,108,94,2,101,,3616354,505363,766,495513,9084,,,,,333,433,14.11.2021
581,4081,48,54,1,97,,3620435,505411,759,495567,9085,,,,,324,,15.11.2021
582,3947,96,46,1,104,,3624382,505507,808,495613,9086,,,,,309,499,16.11.2021
583,5176,106,69,2,100,,3629558,505613,843,495682,9088,,,,,312,531,17.11.2021
584,4797,92,47,2,108,,3634355,505705,886,495729,9090,,,,,313,573,18.11.2021
585,5044,75,113,2,99,,3639399,505780,846,495842,9092,,,,,302,544,19.11.2021
586,4719,86,81,2,93,,3644118,505866,849,495923,9094,,,,,338,511,20.11.2021
587,4171,95,75,2,102,,3648289,505961,867,495998,9096,,,,,332,535,21.11.2021
588,3222,45,85,0,98,,3651511,506006,827,496083,9096,,,,,342,485,22.11.2021
589,3389,100,90,1,,,3654900,506106,836,496173,9097,,,,,325,511,23.11.2021
590,4842,95,106,2,101,,3659742,506201,823,496279,9099,,,,,320,503,24.11.2021
591,4411,90,47,2,105,,3664153,506291,864,496326,9101,,,,,323,541,25.11.2021
592,4628,88,95,0,97,,3668781,506379,857,496421,9101,,,,,329,528,26.11.2021
593,4569,94,104,2,97,,3673350,506473,845,496525,9103,,,,,315,530,27.11.2021
594,3926,97,90,0,95,,3677276,506570,852,496615,9103,,,,,335,517,28.11.2021
595,3118,51,73,0,,,3680394,506621,830,496688,9103,,,,,317,513,29.11.2021
596,3869,78,84,0,97,,3684263,506699,824,496772,9103,,,,,319,505,30.11.2021
597,5330,97,93,0,,,3689593,506796,828,496865,9103,,,,,318,510,1.12.2021
598,5227,85,45,0,94,,3694820,506881,868,496910,9103,,,,,307,561,2.12.2021
599,5962,84,99,1,92,,3700782,506965,852,497009,9104,,,,,302,550,3.12.2021
600,6398,90,93,0,,,3707180,507055,869,497102,9104,,,,,289,560,4.12.2021
601,5878,81,88,1,96,,3713058,507136,841,497190,9105,,,,,292,549,5.12.2021
602,4426,38,88,0,84,,3717484,507174,791,497278,9105,,,,,289,502,6.12.2021
603,4911,74,92,0,79,,3722395,507248,773,497370,9105,,,,,273,500,7.12.2021
604,6102,100,97,0,84,,3728437,507348,776,497467,9105,,,,,273,503,8.12.2021
605,6239,68,51,1,85,,3734736,507416,792,4975518,9106,,,,,283,509,9.12.2021
606,6500,77,78,1,79,,3741236,507493,790,497596,9107,,,,,287,505,10.12.2021
607,6192,86,97,1,83,,3747428,507579,778,497693,9108,,,,,273,505,11.12.2021
608,5989,96,85,0,82,,3753417,507675,789,497778,9108,,,,,283,506,12.12.2021
609,4486,53,83,1,80,,3757903,507728,758,497861,9109,,,,,271,487,13.12.2021
610,4168,71,90,0,85,,3762071,507799,739,497951,9109,,,,,289,450,14.12.2021
611,6229,120,80,0,85,,3768300,507919,779,498031,9109,,,,,289,490,15.12.2021
612,6027,122,38,0,85,,3774327,508041,863,508041,9109,,,,,301,562,16.12.2021
613,6219,73,74,0,85,,3780546,508114,862,498143,9109,,,,,289,574,17.12.2021
614,6609,92,100,0,91,,3787155,508206,854,498243,9109,,,,,294,560,18.12.2021
615,6311,84,64,0,83,,3793466,508290,874,498307,9109,,,,,301,573,19.12.2021
616,4269,33,77,0,81,,3797735,508323,830,498384,9109,,,,,291,539,20.12.2021
617,4543,95,86,0,81,,3802278,508418,839,498470,9109,,,,,284,555,21.12.2021
618,6077,127,96,1,82,,3808355,508545,869,498566,9110,,,,,278,591,22.12.2021
619,6692,79,52,1,82,,3815047,508624,895,498618,9111,,,,,279,616,23.12.2021
620,7429,120,72,1,77,,3822476,508744,942,498690,9112,,,,,281,661,24.12.2021
621,7506,149,119,0,74,,3829982,508893,972,498809,9112,,,,,281,691,25.12.2021
622,6075,132,121,2,76,,3836057,509025,981,498930,9114,,,,,283,698,26.12.2021
623,4651,80,71,0,76,,3840708,509105,990,499001,9114,,,,,283,707,27.12.2021
624,4701,171,91,1,85,,3845409,509276,1069,499092,9115,,,,,274,795,28.12.2021
625,6600,232,83,0,90,,3852009,509508,1218,499175,9115,,,,,287,931,29.12.2021
626,6160,298,33,1,89,,3858169,509806,1482,499208,9116,,,,,302,1180,30.12.2021
627,6944,412,95,0,92,,3865113,510218,1799,499303,9116,,,,,302,1497,31.12.2021
628,7588,399,127,1,92,,3872701,510617,2070,499430,9117,,,,,306,1764,1.1.2022
629,6786,524,79,1,99,,3879487,511141,2514,499509,9118,,,,,306,2208,2.1.2022
630,6573,444,120,0,101,,3886060,511585,2838,499629,9118,,,,,342,2496,3.1.2022
631,6819,1104,151,1,89,,3892879,512689,3790,500144,9119,,,,,367,3423,4.1.2022
632,13443,1805,131,0,73,,3906322,514494,5464,499911,9119,,,,,447,5017,5.1.2022
633,15775,2284,80,3,106,28,3922097,516778,7665,499991,9122,,,,,487,7178,6.1.2022
634,18086,2757,628,2,95,21,3941083,519535,9792,500619,9124,,,,,590,9202,7.1.2022
635,19186,2471,711,2,120,32,3959369,522006,11550,501330,9126,,,,,755,10795,8.1.2022
636,18012,4029,688,1,134,39,3977381,526035,14890,502018,9127,,,,,700,14190,9.1.2022
637,15139,3067,857,2,143,34,3992520,529102,17098,502875,9129,,,,,862,16236,10.1.2022
638,14983,3459,1104,1,146,38,4007503,532561,19452,503979,9130,,,,,862,18590,11.1.2022
639,20801,4857,1805,1,162,33,4028304,537418,22503,505784,9131,,,,,1019,21484,12.1.2022
640,19868,5571,2335,2,182,45,4048172,542989,25737,508119,9133,,,,,1128,24609,13.1.2022
641,20149,5480,2674,1,208,43,4068321,548469,28542,510793,9134,,,,,1235,27307,14.1.2022
642,19174,5705,2338,2,204,44,4087495,554174,31907,513131,9136,,,,,1251,30656,15.1.2022
643,19119,5375,3090,5,217,46,4106614,559549,34187,516221,9141,,,,,1280,32907,16.1.2022
644,15630,3959,3067,6,214,46,4122244,563508,35073,519288,9147,,,,,1202,33871,17.1.2022
645,14998,6320,3381,5,225,57,4137242,569828,38007,522669,9152,,,,,1457,36550,18.1.2022
646,22183,6441,4857,9,258,67,4159425,576269,39582,527526,9161,,,,,1339,38243,19.1.2022
647,20342,7264,4575,7,282,74,4179767,583533,42264,532101,9168,,,,,1548,40716,20.1.2022
648,20338,8301,5480,4,297,74,4200105,591834,45081,537581,9172,,,,,1607,43474,21.1.2022
649,19034,8246,7368,9,301,72,4219139,600080,45950,544949,9181,,,,,1655,44295,22.1.2022
650,17825,6299,5375,11,322,78,4236964,606379,46863,550324,9192,,,,,1667,45196,23.1.2022
651,12543,3377,3931,7,328,76,4249507,609756,46302,554255,9199,,,,,1301,45001,24.1.2022
652,13200,5271,6299,7,349,73,4262732,615027,45267,560554,9206,,,,,1631,43636,25.1.2022
653,18082,5521,6333,3,342,81,4280814,620548,44452,566887,9209,,,,,1609,42843,26.1.2022
654,12816,4136,7410,5,368,79,4293630,624684,41173,574297,9214,,,,,1609,39564,27.1.2022
655,10980,3374,8200,7,358,88,4304610,628058,36340,582497,9221,,,,,1460,34880,28.1.2022
656,12672,5410,8215,7,358,84,4317282,633468,33528,590712,9228,,,,,1460,32068,29.1.2022
657,11372,3896,6283,8,331,87,4328654,637364,31133,596995,9236,,,,,1239,29894,30.1.2022
658,8383,2056,3263,9,336,80,4337037,639420,29917,600258,9245,,,,,1316,28601,31.1.2022
659,8755,2075,5271,9,,,4345792,641495,26712,605529,9254,,,,,1197,25515,1.2.2022
660,11129,2846,5521,7,301,76,4356921,644341,24030,611050,9261,,,,,1128,22902,2.2.2022
661,10536,2141,4136,9,288,76,4367457,646482,22026,615186,9270,,,,,1081,20945,3.2.2022
662,9118,2110,3374,10,263,70,4376575,648592,20752,618560,9280,,,,,972,19780,4.2.2022
663,8833,1490,5410,9,243,76,4385408,650082,16823,623970,9289,,,,,898,15925,5.2.2022
664,7215,1434,3896,9,234,74,4392623,651516,14352,627866,9298,,,,,891,13461,6.2.2022
665,5657,776,2056,6,228,75,4398280,652292,13066,629922,9304,,,,,852,12214,7.2.2022
666,5048,964,2075,5,200,72,4403328,653256,11950,631997,9309,,,,,994,10956,8.2.2022
667,7373,1171,2846,8,214,65,4410701,654428,10268,634843,9317,,,,,684,9584,9.2.2022
668,6821,868,2141,7,209,56,4417522,655296,8988,636984,9324,,,,,764,8224,10.2.2022
669,6448,700,2197,2,204,56,4423970,655996,7489,639181,9326,,,,,735,8253,11.2.2022
670,5451,535,1490,3,199,56,4429421,656531,6531,640671,9329,,,,,664,5687,12.2.2022
671,5116,424,1377,2,201,49,4434537,656955,5576,642048,9331,,,,,664,4912,13.2.2022
672,3914,228,920,0,202,48,4438451,657183,4884,642968,9331,,,,,452,4432,14.2.2022
673,3818,334,964,2,191,50,4442269,657517,4252,643932,9333,,,,,409,3843,15.2.2022
674,4780,361,1165,0,163,45,4447049,657878,3448,645097,9333,,,,,413,3035,16.2.2022
675,4678,448,867,0,145,39,4451727,658326,3029,645964,9333,,,,,388,2641,17.2.2022
676,3910,318,700,1,136,35,4455637,658644,2646,646664,9334,,,,,399,2247,18.2.2022
677,4134,265,535,0,125,34,4459771,658909,2376,647199,9334,,,,,371,2005,19.2.2022
678,3592,225,422,2,126,30,4463363,659134,2177,647621,9336,,,,,380,1797,20.2.2022
679,2593,132,226,1,119,30,4465956,659266,2082,647847,9337,,,,,484,1598,21.2.2022
680,3140,199,333,1,108,27,4469096,659465,1947,648180,9338,,,,,251,1696,22.2.2022
681,3596,188,360,2,106,23,4472692,659653,1773,648540,9340,,,,,251,1522,23.2.2022
682,3490,215,446,2,95,21,4476182,659868,1540,648986,9342,,,,,233,1307,24.2.2022
683,3284,193,318,0,,,4479466,660061,1415,649304,9342,,,,,150,1265,25.2.2022
684,3456,176,263,2,63,17,4482919,660237,1326,649567,9344,,,,,139,1187,26.2.2022
685,2611,130,223,1,70,16,4485530,660367,1232,649790,9345,,,,,,,27.2.2022
686,2649,44,131,0,65,15,4488179,660411,1145,649921,9345,,,,,120,1025,28.2.2022
687,2271,120,199,0,64,14,4490450,660531,1066,650120,9346,,,,,120,946,1.3.2022
688,2778,65,188,0,62,14,4493228,660596,943,650308,9345,,,,,126,817,2.3.2022
689,2969,78,215,1,57,11,4496197,660674,805,650523,9346,,,,,87,718,3.3.2022
690,2792,120,192,1,53,11,4498989,660794,732,650715,9347,,,,,58,674,4.3.2022
691,2890,139,175,1,49,11,4501879,660933,695,650890,9348,,,,,54,641,5.3.2022
692,2703,99,129,0,57,11,4504582,661032,665,651019,9348,,,,,54,611,6.3.2022
693,1440,29,44,0,52,11,4506022,661061,650,651063,9348,,,,,63,,7.3.2022
694,2604,137,120,0,17,4,4508626,661198,667,651183,9348,,,,,56,611,8.3.2022
695,2518,125,65,0,9,1,4511144,661323,727,651248,9348,,,,,49,678,9.3.2022
696,2245,116,78,0,9,1,4513389,661439,765,651326,9348,,,,,55,710,10.3.2022
697,2679,41,120,0,,,4516068,661480,686,651446,9348,,,,,26,660,11.3.2022
698,2314,61,139,0,0,0,4518382,661541,608,651585,9348,,,,,26,528,12.3.2022
699,1944,65,99,0,1,0,4520326,661606,574,651684,9348,,,,,26,548,13.3.2022
700,1262,19,29,0,2,1,4521588,661625,564,651713,9348,,,,,,,14.3.2022
701,2101,18,137,0,5,1,4523689,661643,445,651850,9348,,,,,24,421,15.3.2022
702,2116,21,125,0,3,1,4525805,661664,341,651975,9348,,,,,8,333,16.3.2022
703,2328,21,116,0,4,0,4528133,661685,246,652091,9348,,,,,11,235,17.3.2022
704,2099,12,41,0,1,0,4530232,661697,217,652132,9348,,,,,11,206,18.3.2022
705,1670,10,61,0,1,0,4531902,661707,166,652193,9348,,,,,11,155,19.3.2022
706,1327,18,65,0,1,0,4533229,661725,119,652258,9348,,,,,11,108,20.3.2022
707,1278,12,19,0,1,0,4534507,661737,112,652277,9348,,,,,3,109,21.3.2022
708,1892,20,18,0,1,0,4536399,661757,114,652295,9348,,,,,8,106,22.3.2022
709,2236,22,21,1,1,0,4538635,661779,114,652316,9349,,,,,,,23.3.2022
710,2104,14,20,0,1,0,4540739,661793,108,652336,9349,,,,,6,102,24.3.2022
711,2041,15,12,0,1,0,4542780,661808,111,652348,9349,,,,,0,111,25.3.2022
712,1957,11,10,0,1,0,4544737,661819,112,652358,9349,,,,,1,111,26.3.2022
713,1695,21,18,0,1,0,4546432,661840,115,652376,9349,,,,,1,114,27.3.2022
714,1318,7,12,0,1,0,4547750,661847,110,652388,9349,,,,,,,28.3.2022
715,1993,8,20,0,2,0,4549743,661855,98,652408,9349,,,,,2,96,29.3.2022
716,1889,15,22,0,4,0,4551632,661870,91,652430,9349,,,,,,,30.3.2022
717,1841,42,14,0,3,0,4553473,661912,119,652444,9349,,,,,2,117,31.3.2022
718,1892,32,15,0,2,0,4555365,661944,136,652459,9349,,,,,,,1.4.2022
